
/*************** COMPANY ****************************************/
INSERT INTO COMPANY(Company_id,Name,Foundation_date,Headquarters,Company_type) 
	VALUES (1,'Boeing','1916-07-15','Þikago, Illinois, ABD','Airplane')
INSERT INTO COMPANY(Company_id,Name,Foundation_date,Headquarters,Company_type)
	VALUES (2,'Airbus','1970-12-18','Blagnac, Fransa','Airplane')

INSERT INTO COMPANY(Company_id,Name,Foundation_date,Headquarters,Company_type)
	VALUES (3,'AnadoluJet','2000-07-15','Istanbul,Turkiye','Airline')
INSERT INTO COMPANY(Company_id,Name,Foundation_date,Headquarters,Company_type)
	VALUES (4,'Atlas','2005-12-18','Istanbul,Turkiye','Airline')
	INSERT INTO COMPANY(Company_id,Name,Foundation_date,Headquarters,Company_type)
	VALUES (5,'Bora','2008-07-15','Antalya,Turkiye','Airline')
INSERT INTO COMPANY(Company_id,Name,Foundation_date,Headquarters,Company_type)
	VALUES (6,'Pegasus','1998-12-18','Izmir,Turkiye','Airline')
INSERT INTO COMPANY(Company_id,Name,Foundation_date,Headquarters,Company_type)
	VALUES (7,'Sun Express','2003-07-15','Istanbul,Turkiye','Airline')
INSERT INTO COMPANY(Company_id,Name,Foundation_date,Headquarters,Company_type)
	VALUES (8,'THY','1985-12-18','Ankara,Turkiye','Airline')

/*************** AIRLANE_COMPANY ****************************************/
INSERT INTO AIRLANE_COMPANY(Airline_company_id,Total_airplane_count,Free_bag_limit)
	VALUES(3,50,10)
INSERT INTO AIRLANE_COMPANY(Airline_company_id,Total_airplane_count,Free_bag_limit)
	VALUES(4,25,8)
INSERT INTO AIRLANE_COMPANY(Airline_company_id,Total_airplane_count,Free_bag_limit)
	VALUES(5,35,12)
INSERT INTO AIRLANE_COMPANY(Airline_company_id,Total_airplane_count,Free_bag_limit)
	VALUES(6,250,15)
INSERT INTO AIRLANE_COMPANY(Airline_company_id,Total_airplane_count,Free_bag_limit)
	VALUES(7,100,15)
INSERT INTO AIRLANE_COMPANY(Airline_company_id,Total_airplane_count,Free_bag_limit)
	VALUES(8,500,20)

/*************** AIRPLANE_COMPANY ****************************************/
INSERT INTO AIRPLANE_COMPANY(Airplane_company_id,Largest_model)
	VALUES(1,'747-8')
INSERT INTO AIRPLANE_COMPANY(Airplane_company_id,Largest_model)
	VALUES(2,'A380')

	





